EmpID,Employee_Name,RecruitmentSource
10026,"Adinolfi, Wilson  K",LinkedIn
10084,"Ait Sidi, Karthikeyan",Indeed
10196,"Akinkuolie, Sarah",LinkedIn
10088,"Alagbe,Trina",Indeed
10069,"Anderson, Carol",Google Search
10002,"Anderson, Linda",LinkedIn
10194,"Andreola, Colby",LinkedIn
10062,"Athwal, Sam",Employee Referral
10114,"Bachiochi, Linda",Diversity Job Fair
10250,"Bacong, Alejandro",Indeed
10252,"Baczenski, Rachael",Diversity Job Fair
10242,"Barbara, Thomas",Diversity Job Fair
10012,"Barbossa, Hector",Diversity Job Fair
10265,"Barone, Francesco  A",Google Search
10066,"Barton, Nader",On-line Web application
10061,"Bates, Norman",Google Search
10023,"Beak, Kimberly",Employee Referral
10055,"Beatrice, Courtney",Google Search
10245,"Becker, Renee",Google Search
10277,"Becker, Scott",LinkedIn
10046,"Bernstein, Sean",Google Search
10226,"Biden, Lowan  M",Indeed
10003,"Billis, Helen",Indeed
10294,"Blount, Dianna",CareerBuilder
10267,"Bondwell, Betsy",Google Search
10199,"Booth, Frank",LinkedIn
10081,"Boutwell, Bonalyn",Diversity Job Fair
10175,"Bozzi, Charles",Indeed
10177,"Brill, Donna",Google Search
10238,"Brown, Mia",Diversity Job Fair
10184,"Buccheri, Joseph",Google Search
10203,"Bugali, Josephine",Diversity Job Fair
10188,"Bunbury, Jessica",Google Search
10107,"Burke, Joelle",Employee Referral
10181,"Burkett, Benjamin",Indeed
10150,"Cady, Max",Google Search
10001,"Candie, Calvin",Indeed
10085,"Carabbio, Judith",Indeed
10115,"Carey, Michael",LinkedIn
10082,"Carr, Claudia  N",LinkedIn
10040,"Carter, Michelle",Indeed
10067,"Chace, Beatrice",Google Search
10108,"Champaigne, Brian",Indeed
10210,"Chan, Lin",Indeed
10154,"Chang, Donovan  E",LinkedIn
10200,"Chigurh, Anton",Employee Referral
10240,"Chivukula, Enola",Indeed
10168,"Cierpiszewski, Caroline",Indeed
10220,"Clayton, Rick",Indeed
10275,"Cloninger, Jennifer",Google Search
10269,"Close, Phil",Indeed
10029,"Clukey, Elijian",Employee Referral
10261,"Cockel, James",Employee Referral
10292,"Cole, Spencer",LinkedIn
10282,"Corleone, Michael",CareerBuilder
10019,"Corleone, Vito",Indeed
10094,"Cornett, Lisa",Indeed
10193,"Costello, Frank",Indeed
10132,"Crimmings,   Jean",LinkedIn
10083,"Cross, Noah",Employee Referral
10099,"Daneault, Lynn",Indeed
10212,"Daniele, Ann",LinkedIn
10056,"Darson, Jene'ya",Indeed
10143,"Davis, Daniel",LinkedIn
10311,"Dee, Randy",Indeed
10070,"DeGweck,  James",Indeed
10155,"Del Bosque, Keyla",CareerBuilder
10306,"Delarge, Alex",Indeed
10100,"Demita, Carla",Google Search
10310,"Desimone, Carl",Indeed
10197,"DeVito, Tommy",Indeed
10276,"Dickinson, Geoff",Indeed
10304,"Dietrich, Jenna",Website
10284,"DiNocco, Lily",Indeed
10207,"Dobrin, Denisa  S",CareerBuilder
10133,"Dolan, Linda",Employee Referral
10028,"Dougall, Eric",Indeed
10006,"Driver, Elle",Indeed
10105,"Dunn, Amy",Google Search
10211,"Dunne, Amy",Google Search
10064,"Eaton, Marianne",Google Search
10247,"Engdahl, Jean",LinkedIn
10235,"England, Rex",Employee Referral
10299,"Erilus, Angela",Indeed
10280,"Estremera, Miguel",Google Search
10296,"Evensen, April",Google Search
10290,"Exantus, Susan",Indeed
10263,"Faller, Megan",LinkedIn
10136,"Fancett, Nicole",LinkedIn
10189,"Ferguson, Susan",Google Search
10308,"Fernandes, Nilson",Indeed
10309,"Fett, Boba",LinkedIn
10049,"Fidelia,  Libby",Google Search
10093,"Fitzpatrick, Michael  J",Google Search
10163,"Foreman, Tanya",Google Search
10305,"Forrest, Alex",Employee Referral
10015,"Foss, Jason",Indeed
10080,"Foster-Baker, Amy",Other
10258,"Fraval, Maruk",CareerBuilder
10273,"Galia, Lisa",LinkedIn
10111,"Garcia, Raul",Employee Referral
10257,"Gaul, Barbara",LinkedIn
10159,"Gentry, Mildred",LinkedIn
10122,"Gerke, Melisa",Diversity Job Fair
10142,"Gill, Whitney",CareerBuilder
10283,"Gilles, Alex",Diversity Job Fair
10018,"Girifalco, Evelyn",Indeed
10255,"Givens, Myriam",Indeed
10246,"Goble, Taisha",Indeed
10228,"Goeth, Amon",LinkedIn
10243,"Gold, Shenice",Indeed
10031,"Gonzalez, Cayo",Diversity Job Fair
10300,"Gonzalez, Juan",Diversity Job Fair
10101,"Gonzalez, Maria",Employee Referral
10237,"Good, Susan",LinkedIn
10051,"Gordon, David",LinkedIn
10218,"Gosciminski, Phylicia",Google Search
10256,"Goyal, Roxana",LinkedIn
10098,"Gray, Elijiah",Employee Referral
10059,"Gross, Paula",CareerBuilder
10234,"Gruber, Hans",Indeed
10109,"Guilianno, Mike",LinkedIn
10125,"Handschiegl, Joanne",Google Search
10074,"Hankard, Earnest",LinkedIn
10097,"Harrington, Christie",CareerBuilder
10007,"Harrison, Kara",CareerBuilder
10129,"Heitzman, Anthony",Google Search
10075,"Hendrickson, Trina",CareerBuilder
10167,"Hitchcock, Alfred",Indeed
10195,"Homberger, Adrienne  J",Indeed
10112,"Horton, Jayne",Indeed
10272,"Houlihan, Debra",LinkedIn
10182,"Howard, Estelle",Indeed
10248,"Hudson, Jane",LinkedIn
10201,"Hunts, Julissa",LinkedIn
10214,"Hutter, Rosalie",Indeed
10160,"Huynh, Ming",Google Search
10289,"Immediato, Walter",Indeed
10139,"Ivey, Rose",Indeed
10227,"Jackson, Maryellen",LinkedIn
10236,"Jacobi, Hannah",Employee Referral
10009,"Jeannite, Tayana",LinkedIn
10060,"Jhaveri, Sneha",LinkedIn
10034,"Johnson, George",CareerBuilder
10156,"Johnson, Noelle",Indeed
10036,"Johnston, Yen",LinkedIn
10138,"Jung, Judy",CareerBuilder
10244,"Kampew, Donysha",Google Search
10192,"Keatts, Kramer",Indeed
10231,"Khemmich, Bartholemew",Indeed
10089,"King, Janet",Indeed
10166,"Kinsella, Kathleen",Google Search
10170,"Kirill, Alexandra",Google Search
10208,"Knapp, Bradley  J",LinkedIn
10176,"Kretschmer, John",Indeed
10165,"Kreuger, Freddy",Diversity Job Fair
10113,"Lajiri,  Jyoti",Employee Referral
10092,"Landa, Hans",Employee Referral
10106,"Langford, Lindsey",Indeed
10052,"Langton, Enrico",LinkedIn
10038,"LaRotonda, William",Website
10249,"Latif, Mohammed",Google Search
10232,"Le, Binh",Indeed
10087,"Leach, Dallas",CareerBuilder
10134,"LeBlanc, Brandon  R",CareerBuilder
10251,"Lecter, Hannibal",Google Search
10103,"Leruth, Giovanni",Website
10017,"Liebig, Ketsia",Website
10186,"Linares, Marilyn",Indeed
10137,"Linden, Mathew",LinkedIn
10008,"Lindsay, Leonara",Diversity Job Fair
10096,"Lundy, Susan",LinkedIn
10035,"Lunquist, Lisa",Indeed
10057,"Lydon, Allison",Website
10004,"Lynch, Lindsay",Diversity Job Fair
10191,"MacLennan, Samuel",Indeed
10219,"Mahoney, Lauren",LinkedIn
10077,"Manchester, Robyn",LinkedIn
10073,"Mancuso, Karen",LinkedIn
10279,"Mangal, Debbie",LinkedIn
10110,"Martin, Sandra",Google Search
10053,"Maurice, Shana",Indeed
10076,"Carthy, B'rigit",LinkedIn
10145,"Mckenna, Sandy",CareerBuilder
10202,"McKinzie, Jac",Website
10128,"Meads, Elizabeth",Diversity Job Fair
10068,"Medeiros, Jennifer",CareerBuilder
10116,"Miller, Brannon",Indeed
10298,"Miller, Ned",LinkedIn
10213,"Monkfish, Erasumus",LinkedIn
10288,"Monroe, Peter",Diversity Job Fair
10025,"Monterro, Luisa",Indeed
10223,"Moran, Patrick",Diversity Job Fair
10151,"Morway, Tanya",CareerBuilder
10254,"Motlagh,  Dawn",LinkedIn
10120,"Moumanil, Maliki",LinkedIn
10216,"Myers, Michael",LinkedIn
10079,"Navathe, Kurt",Indeed
10215,"Ndzi, Colombui",Diversity Job Fair
10185,"Ndzi, Horia",Employee Referral
10063,"Newman, Richard",LinkedIn
10037,"Ngodup, Shari",Diversity Job Fair
10042,"Nguyen, Dheepa",Indeed
10206,"Nguyen, Lei-Ming",LinkedIn
10104,"Nowlan, Kristie",Indeed
10303,"O'hare, Lynn",LinkedIn
10078,"Oliver, Brooke",LinkedIn
10121,"Onque, Jasmine",Indeed
10021,"Osturnka, Adeel",LinkedIn
10281,"Owad, Clinton",LinkedIn
10041,"Ozark, Travis",Website
10148,"Panjwani, Nina",Google Search
10005,"Patronick, Lucas",Diversity Job Fair
10259,"Pearson, Randall",Employee Referral
10286,"Smith, Martin",Google Search
10297,"Pelletier, Ermine",CareerBuilder
10171,"Perry, Shakira",LinkedIn
10032,"Peters, Lauren",Indeed
10130,"Peterson, Ebonee",Indeed
10217,"Petingill, Shana",LinkedIn
10016,"Petrowsky, Thelma",Employee Referral
10050,"Pham, Hong",Google Search
10164,"Pitt, Brad",Google Search
10124,"Potts, Xana",Website
10187,"Power, Morissa",Google Search
10225,"Punjabhi, Louis",Employee Referral
10262,"Purinton, Janine",Indeed
10131,"Quinn, Sean",Diversity Job Fair
10239,"Rachael, Maggie",Indeed
10152,"Rarrick, Quinn",Indeed
10140,"Ren, Kylo",CareerBuilder
10058,"Rhoads, Thomas",LinkedIn
10011,"Rivera, Haley",Google Search
10230,"Roberson, May",Google Search
10224,"Robertson, Peter",Indeed
10047,"Robinson, Alain",Indeed
10285,"Robinson, Cherly",Indeed
10020,"Robinson, Elias",Employee Referral
10162,"Roby, Lori",Employee Referral
10149,"Roehrich, Bianca",LinkedIn
10086,"Roper, Katie",Indeed
10054,"Rose, Ashley",Website
10065,"Rossetti, Bruno",Google Search
10198,"Roup,Simon",Indeed
10222,"Ruiz, Ricardo",Diversity Job Fair
10126,"Saada, Adell",Indeed
10295,"Saar-Beckles, Melinda",Diversity Job Fair
10260,"Sadki, Nore",Google Search
10233,"Sahoo, Adil",CareerBuilder
10229,"Salter, Jason",LinkedIn
10169,"Sander, Kamrin",LinkedIn
10071,"Sewkumar, Nori",Google Search
10179,"Shepard, Anita",LinkedIn
10091,"Shields, Seffi",LinkedIn
10178,"Simard, Kramer",Employee Referral
10039,"Singh, Nan",Website
10095,"Sloan, Constance",CareerBuilder
10027,"Smith, Joe",Indeed
10291,"Smith, John",Diversity Job Fair
10153,"Smith, Leigh Ann",Diversity Job Fair
10157,"Smith, Sade",Employee Referral
10119,"Soto, Julia",LinkedIn
10180,"Soze, Keyser",LinkedIn
10302,"Sparks, Taylor",Indeed
10090,"Spirea, Kelley",LinkedIn
10030,"Squatrito, Kristen",LinkedIn
10278,"Stanford,Barbara  M",Google Search
10307,"Stansfield, Norman",Website
10147,"Steans, Tyrone",Indeed
10266,"Stoica, Rick",LinkedIn
10241,"Strong, Caitrin",Indeed
10158,"Sullivan, Kissy",Indeed
10117,"Sullivan, Timothy",Google Search
10209,"Sutwell, Barbara",Indeed
10024,"Szabo, Andrew",LinkedIn
10173,"Tannen, Biff",Indeed
10221,"Tavares, Desiree",Diversity Job Fair
10146,"Tejeda, Lenora",Google Search
10161,"Terry, Sharlene",Indeed
10141,"Theamstern, Sophia",Indeed
10268,"Thibaud, Kenneth",Other
10123,"Tippett, Jeanette",Indeed
10013,"Torrence, Jack",Indeed
10287,"Trang, Mei",LinkedIn
10044,"Tredinnick, Neville",CareerBuilder
10102,"True, Edward",Diversity Job Fair
10270,"Trzeciak, Cybil",LinkedIn
10045,"Turpin, Jumil",Employee Referral
10205,"Valentin,Jackie",Indeed
10014,"Veera, Abdellah",LinkedIn
10144,"Vega, Vincent",Employee Referral
10253,"Villanueva, Noah",Website
10118,"Voldemort, Lord",Employee Referral
10022,"Volk, Colleen",Google Search
10183,"Von Massenbach, Anna",LinkedIn
10190,"Walker, Roger",Employee Referral
10274,"Wallace, Courtney  E",Diversity Job Fair
10293,"Wallace, Theresa",CareerBuilder
10172,"Wang, Charlie",Indeed
10127,"Warfield, Sarah",Employee Referral
10072,"Whittier, Scott",LinkedIn
10048,"Wilber, Barry",Website
10204,"Wilkes, Annie",Google Search
10264,"Williams, Jacquelyn",Diversity Job Fair
10033,"Winthrop, Jordan",LinkedIn
10174,"Wolk, Hang  T",LinkedIn
10135,"Woodson, Jason",LinkedIn
10301,"Ybarra, Catherine",Google Search
10010,"Zamora, Jennifer",Employee Referral
10043,"Zhou, Julia",Employee Referral
10271,"Zima, Colleen",LinkedIn
